{
	"annotations": {
	  "list": [
		{
		  "builtIn": 1,
		  "datasource": {
			"type": "grafana",
			"uid": "-- Grafana --"
		  },
		  "enable": true,
		  "hide": true,
		  "iconColor": "rgba(0, 211, 255, 1)",
		  "name": "Annotations & Alerts",
		  "target": {
			"limit": 100,
			"matchAny": false,
			"tags": [],
			"type": "dashboard"
		  },
		  "type": "dashboard"
		}
	  ]
	},
	"description": "AVS Specification Metrics",
	"editable": true,
	"fiscalYearStartMonth": 0,
	"graphTooltip": 0,
	"links": [],
	"liveNow": false,
	"panels": [
	  {
		"collapsed": false,
		"gridPos": {
		  "h": 1,
		  "w": 24,
		  "x": 0,
		  "y": 0
		},
		"id": 12,
		"panels": [],
		"title": "Misc",
		"type": "row"
	  },
	  {
		"datasource": {
		  "type": "prometheus",
		  "uid": "egn-prom"
		},
		"fieldConfig": {
		  "defaults": {
			"color": {
			  "mode": "thresholds"
			},
			"mappings": [],
			"thresholds": {
			  "mode": "absolute",
			  "steps": [
				{
				  "color": "green",
				  "value": null
				},
				{
				  "color": "red",
				  "value": 80
				}
			  ]
			},
			"unit": "string"
		  },
		  "overrides": []
		},
		"gridPos": {
		  "h": 3,
		  "w": 12,
		  "x": 0,
		  "y": 1
		},
		"id": 23,
		"options": {
		  "colorMode": "value",
		  "graphMode": "area",
		  "justifyMode": "auto",
		  "orientation": "auto",
		  "reduceOptions": {
			"calcs": [
			  "lastNotNull"
			],
			"fields": "/^avs_name$/",
			"values": false
		  },
		  "textMode": "auto"
		},
		"pluginVersion": "9.4.3",
		"targets": [
		  {
			"datasource": {
			  "type": "prometheus",
			  "uid": "egn-prom"
			},
			"editorMode": "builder",
			"exemplar": false,
			"expr": "eigen_performance_score",
			"format": "table",
			"instant": true,
			"legendFormat": "__auto",
			"range": false,
			"refId": "A"
		  }
		],
		"title": "AVS Name",
		"type": "stat"
	  },
	  {
		"datasource": {
		  "type": "prometheus",
		  "uid": "egn-prom"
		},
		"description": "The performance metric is a score between 0 and 100 and each developer can define their own way of calculating the score. The score is calculated based on the performance of the Node and the performance of the backing services.",
		"fieldConfig": {
		  "defaults": {
			"color": {
			  "mode": "thresholds"
			},
			"mappings": [],
			"max": 100,
			"min": 0,
			"thresholds": {
			  "mode": "absolute",
			  "steps": [
				{
				  "color": "red",
				  "value": null
				},
				{
				  "color": "orange",
				  "value": 30
				},
				{
				  "color": "yellow",
				  "value": 60
				},
				{
				  "color": "green",
				  "value": 90
				}
			  ]
			}
		  },
		  "overrides": []
		},
		"gridPos": {
		  "h": 12,
		  "w": 12,
		  "x": 12,
		  "y": 1
		},
		"id": 8,
		"options": {
		  "orientation": "auto",
		  "reduceOptions": {
			"calcs": [
			  "lastNotNull"
			],
			"fields": "",
			"values": false
		  },
		  "showThresholdLabels": false,
		  "showThresholdMarkers": true
		},
		"pluginVersion": "9.4.3",
		"targets": [
		  {
			"datasource": {
			  "type": "prometheus",
			  "uid": "egn-prom"
			},
			"editorMode": "builder",
			"expr": "eigen_performance_score{instanceID=\"$InstanceID\"}",
			"legendFormat": "__auto",
			"range": true,
			"refId": "A"
		  }
		],
		"title": "Performance Score",
		"type": "gauge"
	  },
	  {
		"datasource": {
		  "type": "prometheus",
		  "uid": "egn-prom"
		},
		"fieldConfig": {
		  "defaults": {
			"color": {
			  "mode": "thresholds"
			},
			"mappings": [],
			"thresholds": {
			  "mode": "absolute",
			  "steps": [
				{
				  "color": "green",
				  "value": null
				},
				{
				  "color": "red",
				  "value": 80
				}
			  ]
			},
			"unit": "string"
		  },
		  "overrides": []
		},
		"gridPos": {
		  "h": 3,
		  "w": 12,
		  "x": 0,
		  "y": 4
		},
		"id": 27,
		"options": {
		  "colorMode": "value",
		  "graphMode": "area",
		  "justifyMode": "auto",
		  "orientation": "auto",
		  "reduceOptions": {
			"calcs": [
			  "lastNotNull"
			],
			"fields": "/^short_commit_hash$/",
			"values": false
		  },
		  "textMode": "auto"
		},
		"pluginVersion": "9.4.3",
		"targets": [
		  {
			"datasource": {
			  "type": "prometheus",
			  "uid": "egn-prom"
			},
			"editorMode": "code",
			"exemplar": false,
			"expr": "label_replace(eigen_performance_score, \"short_commit_hash\", \"$1\", \"instance_commit_hash\", \"(.{12}).*\")",
			"format": "table",
			"instant": true,
			"legendFormat": "__auto",
			"range": false,
			"refId": "A"
		  }
		],
		"title": "AVS Commit Hash (12 first characters)",
		"type": "stat"
	  },
	  {
		"datasource": {
		  "type": "prometheus",
		  "uid": "egn-prom"
		},
		"fieldConfig": {
		  "defaults": {
			"color": {
			  "mode": "thresholds"
			},
			"mappings": [],
			"thresholds": {
			  "mode": "absolute",
			  "steps": [
				{
				  "color": "green",
				  "value": null
				},
				{
				  "color": "red",
				  "value": 80
				}
			  ]
			},
			"unit": "string"
		  },
		  "overrides": []
		},
		"gridPos": {
		  "h": 3,
		  "w": 12,
		  "x": 0,
		  "y": 7
		},
		"id": 20,
		"options": {
		  "colorMode": "value",
		  "graphMode": "area",
		  "justifyMode": "auto",
		  "orientation": "auto",
		  "reduceOptions": {
			"calcs": [
			  "lastNotNull"
			],
			"fields": "/^avs_version$/",
			"values": false
		  },
		  "textMode": "auto"
		},
		"pluginVersion": "9.4.3",
		"targets": [
		  {
			"datasource": {
			  "type": "prometheus",
			  "uid": "egn-prom"
			},
			"editorMode": "builder",
			"exemplar": false,
			"expr": "eigen_performance_score",
			"format": "table",
			"instant": true,
			"legendFormat": "__auto",
			"range": false,
			"refId": "A"
		  }
		],
		"title": "Node Version",
		"type": "stat"
	  },
	  {
		"datasource": {
		  "type": "prometheus",
		  "uid": "egn-prom"
		},
		"fieldConfig": {
		  "defaults": {
			"color": {
			  "mode": "thresholds"
			},
			"mappings": [],
			"thresholds": {
			  "mode": "absolute",
			  "steps": [
				{
				  "color": "green",
				  "value": null
				},
				{
				  "color": "red",
				  "value": 80
				}
			  ]
			},
			"unit": "string"
		  },
		  "overrides": []
		},
		"gridPos": {
		  "h": 3,
		  "w": 12,
		  "x": 0,
		  "y": 10
		},
		"id": 28,
		"options": {
		  "colorMode": "value",
		  "graphMode": "area",
		  "justifyMode": "auto",
		  "orientation": "auto",
		  "reduceOptions": {
			"calcs": [
			  "lastNotNull"
			],
			"fields": "/^spec_version$/",
			"values": false
		  },
		  "textMode": "auto"
		},
		"pluginVersion": "9.4.3",
		"targets": [
		  {
			"datasource": {
			  "type": "prometheus",
			  "uid": "egn-prom"
			},
			"editorMode": "builder",
			"exemplar": false,
			"expr": "eigen_performance_score",
			"format": "table",
			"instant": true,
			"legendFormat": "__auto",
			"range": false,
			"refId": "A"
		  }
		],
		"title": "AVS Node Specification Version",
		"type": "stat"
	  },
	  {
		"collapsed": false,
		"gridPos": {
		  "h": 1,
		  "w": 24,
		  "x": 0,
		  "y": 13
		},
		"id": 10,
		"panels": [],
		"title": "Economics",
		"type": "row"
	  },
	  {
		"datasource": {
		  "type": "prometheus",
		  "uid": "egn-prom"
		},
		"description": "The total balance in AVS Node per used token.",
		"fieldConfig": {
		  "defaults": {
			"color": {
			  "mode": "thresholds"
			},
			"mappings": [],
			"thresholds": {
			  "mode": "absolute",
			  "steps": [
				{
				  "color": "blue",
				  "value": null
				}
			  ]
			}
		  },
		  "overrides": []
		},
		"gridPos": {
		  "h": 9,
		  "w": 12,
		  "x": 0,
		  "y": 14
		},
		"id": 2,
		"options": {
		  "colorMode": "value",
		  "graphMode": "area",
		  "justifyMode": "auto",
		  "orientation": "auto",
		  "reduceOptions": {
			"calcs": [
			  "lastNotNull"
			],
			"fields": "",
			"values": false
		  },
		  "textMode": "auto"
		},
		"pluginVersion": "9.4.3",
		"targets": [
		  {
			"datasource": {
			  "type": "prometheus",
			  "uid": "egn-prom"
			},
			"editorMode": "builder",
			"exemplar": false,
			"expr": "eigen_balance_total{instanceID=\"$InstanceID\"}",
			"legendFormat": "${{token}}",
			"range": true,
			"refId": "A"
		  }
		],
		"title": "Balance Total",
		"type": "stat"
	  },
	  {
		"datasource": {
		  "type": "prometheus",
		  "uid": "egn-prom"
		},
		"description": "The total slashing incurred per token.",
		"fieldConfig": {
		  "defaults": {
			"color": {
			  "mode": "thresholds"
			},
			"mappings": [],
			"thresholds": {
			  "mode": "absolute",
			  "steps": [
				{
				  "color": "red",
				  "value": null
				}
			  ]
			}
		  },
		  "overrides": []
		},
		"gridPos": {
		  "h": 4,
		  "w": 12,
		  "x": 12,
		  "y": 14
		},
		"id": 6,
		"options": {
		  "colorMode": "value",
		  "graphMode": "area",
		  "justifyMode": "auto",
		  "orientation": "auto",
		  "reduceOptions": {
			"calcs": [
			  "lastNotNull"
			],
			"fields": "",
			"values": false
		  },
		  "textMode": "auto"
		},
		"pluginVersion": "9.4.3",
		"targets": [
		  {
			"datasource": {
			  "type": "prometheus",
			  "uid": "egn-prom"
			},
			"editorMode": "builder",
			"expr": "eigen_slashing_incurred_total{instanceID=\"$InstanceID\"}",
			"legendFormat": "${{token}}",
			"range": true,
			"refId": "A"
		  }
		],
		"title": "Slashing incurred",
		"type": "stat"
	  },
	  {
		"datasource": {
		  "type": "prometheus",
		  "uid": "egn-prom"
		},
		"description": "The total fees earned per token.",
		"fieldConfig": {
		  "defaults": {
			"color": {
			  "mode": "thresholds"
			},
			"mappings": [],
			"thresholds": {
			  "mode": "absolute",
			  "steps": [
				{
				  "color": "green",
				  "value": null
				}
			  ]
			}
		  },
		  "overrides": []
		},
		"gridPos": {
		  "h": 5,
		  "w": 12,
		  "x": 12,
		  "y": 18
		},
		"id": 4,
		"options": {
		  "colorMode": "value",
		  "graphMode": "area",
		  "justifyMode": "auto",
		  "orientation": "auto",
		  "reduceOptions": {
			"calcs": [
			  "lastNotNull"
			],
			"fields": "",
			"values": false
		  },
		  "textMode": "auto"
		},
		"pluginVersion": "9.4.3",
		"targets": [
		  {
			"datasource": {
			  "type": "prometheus",
			  "uid": "egn-prom"
			},
			"editorMode": "builder",
			"expr": "eigen_fees_earned_total{instanceID=\"$InstanceID\"}",
			"legendFormat": "${{token}}",
			"range": true,
			"refId": "A"
		  }
		],
		"title": "Fees Earned",
		"type": "stat"
	  },
	  {
		"collapsed": false,
		"gridPos": {
		  "h": 1,
		  "w": 24,
		  "x": 0,
		  "y": 23
		},
		"id": 18,
		"panels": [],
		"title": "RPC Requests",
		"type": "row"
	  },
	  {
		"datasource": {
		  "type": "prometheus",
		  "uid": "egn-prom"
		},
		"description": "Average Response Time per method in seconds over time.",
		"fieldConfig": {
		  "defaults": {
			"color": {
			  "mode": "palette-classic"
			},
			"custom": {
			  "axisCenteredZero": false,
			  "axisColorMode": "text",
			  "axisLabel": "",
			  "axisPlacement": "auto",
			  "barAlignment": 0,
			  "drawStyle": "line",
			  "fillOpacity": 0,
			  "gradientMode": "none",
			  "hideFrom": {
				"legend": false,
				"tooltip": false,
				"viz": false
			  },
			  "lineInterpolation": "linear",
			  "lineWidth": 1,
			  "pointSize": 5,
			  "scaleDistribution": {
				"type": "linear"
			  },
			  "showPoints": "auto",
			  "spanNulls": false,
			  "stacking": {
				"group": "A",
				"mode": "none"
			  },
			  "thresholdsStyle": {
				"mode": "off"
			  }
			},
			"mappings": [],
			"thresholds": {
			  "mode": "absolute",
			  "steps": [
				{
				  "color": "green",
				  "value": null
				},
				{
				  "color": "red",
				  "value": 80
				}
			  ]
			}
		  },
		  "overrides": []
		},
		"gridPos": {
		  "h": 8,
		  "w": 12,
		  "x": 0,
		  "y": 24
		},
		"id": 26,
		"options": {
		  "legend": {
			"calcs": [],
			"displayMode": "list",
			"placement": "bottom",
			"showLegend": true
		  },
		  "tooltip": {
			"mode": "single",
			"sort": "none"
		  }
		},
		"targets": [
		  {
			"datasource": {
			  "type": "prometheus",
			  "uid": "egn-prom"
			},
			"editorMode": "code",
			"expr": "rate(eigen_rpc_request_duration_seconds_sum{method=~\".*\", instanceID=\"$InstanceID\"}[5m])",
			"legendFormat": "__auto",
			"range": true,
			"refId": "A"
		  }
		],
		"title": "Average Response Time",
		"type": "timeseries"
	  },
	  {
		"datasource": {
		  "type": "prometheus",
		  "uid": "egn-prom"
		},
		"description": "Total of JSON-RPC requests per method.",
		"fieldConfig": {
		  "defaults": {
			"color": {
			  "mode": "palette-classic"
			},
			"custom": {
			  "axisCenteredZero": false,
			  "axisColorMode": "text",
			  "axisLabel": "",
			  "axisPlacement": "auto",
			  "barAlignment": 0,
			  "drawStyle": "line",
			  "fillOpacity": 0,
			  "gradientMode": "none",
			  "hideFrom": {
				"legend": false,
				"tooltip": false,
				"viz": false
			  },
			  "lineInterpolation": "linear",
			  "lineWidth": 1,
			  "pointSize": 5,
			  "scaleDistribution": {
				"type": "linear"
			  },
			  "showPoints": "auto",
			  "spanNulls": false,
			  "stacking": {
				"group": "A",
				"mode": "none"
			  },
			  "thresholdsStyle": {
				"mode": "off"
			  }
			},
			"mappings": [],
			"thresholds": {
			  "mode": "absolute",
			  "steps": [
				{
				  "color": "green",
				  "value": null
				}
			  ]
			}
		  },
		  "overrides": []
		},
		"gridPos": {
		  "h": 16,
		  "w": 12,
		  "x": 12,
		  "y": 24
		},
		"id": 14,
		"options": {
		  "legend": {
			"calcs": [],
			"displayMode": "list",
			"placement": "bottom",
			"showLegend": true
		  },
		  "tooltip": {
			"mode": "single",
			"sort": "none"
		  }
		},
		"targets": [
		  {
			"datasource": {
			  "type": "prometheus",
			  "uid": "egn-prom"
			},
			"editorMode": "builder",
			"expr": "eigen_rpc_request_total{instanceID=\"$InstanceID\"}",
			"legendFormat": "{{method}}",
			"range": true,
			"refId": "A"
		  }
		],
		"title": "Total RPC Requests",
		"type": "timeseries"
	  },
	  {
		"datasource": {
		  "type": "prometheus",
		  "uid": "egn-prom"
		},
		"description": "Request duration distribution in seconds per method.",
		"fieldConfig": {
		  "defaults": {
			"color": {
			  "mode": "thresholds"
			},
			"custom": {
			  "fillOpacity": 80,
			  "gradientMode": "none",
			  "hideFrom": {
				"legend": false,
				"tooltip": false,
				"viz": false
			  },
			  "lineWidth": 1
			},
			"mappings": [],
			"thresholds": {
			  "mode": "absolute",
			  "steps": [
				{
				  "color": "green",
				  "value": null
				},
				{
				  "color": "red",
				  "value": 80
				}
			  ]
			},
			"unit": "none"
		  },
		  "overrides": []
		},
		"gridPos": {
		  "h": 8,
		  "w": 12,
		  "x": 0,
		  "y": 32
		},
		"id": 16,
		"options": {
		  "bucketOffset": 0,
		  "combine": false,
		  "legend": {
			"calcs": [
			  "mean",
			  "stdDev"
			],
			"displayMode": "list",
			"placement": "bottom",
			"showLegend": true
		  }
		},
		"pluginVersion": "9.4.3",
		"targets": [
		  {
			"datasource": {
			  "type": "prometheus",
			  "uid": "egn-prom"
			},
			"editorMode": "builder",
			"exemplar": false,
			"expr": "rate(eigen_rpc_request_duration_seconds_count{instanceID=\"$InstanceID\"}[$__rate_interval])",
			"format": "time_series",
			"instant": false,
			"legendFormat": "{{method}}",
			"range": true,
			"refId": "A"
		  }
		],
		"title": "Request duration distribution",
		"type": "histogram"
	  }
	],
	"refresh": "",
	"revision": 1,
	"schemaVersion": 38,
	"style": "dark",
	"tags": [],
	"templating": {
	  "list": [
		{
		  "current": {
			"isNone": true,
			"selected": false,
			"text": "None",
			"value": ""
		  },
		  "datasource": {
			"type": "prometheus",
			"uid": "egn-prom"
		  },
		  "definition": "label_values(instance_id)",
		  "description": "AVS Node Instance ID",
		  "hide": 0,
		  "includeAll": false,
		  "label": "Instance ID",
		  "multi": false,
		  "name": "InstanceID",
		  "options": [],
		  "query": {
			"query": "label_values(instance_id)",
			"refId": "StandardVariableQuery"
		  },
		  "refresh": 1,
		  "regex": "",
		  "skipUrlSync": false,
		  "sort": 2,
		  "type": "query"
		}
	  ]
	},
	"time": {
	  "from": "now-15m",
	  "to": "now"
	},
	"timepicker": {},
	"timezone": "",
	"title": "AVS Specification Metrics",
	"uid": "l8RpPN94z",
	"version": 3,
	"weekStart": ""
  }