{
    "annotations": {
      "list": [
        {
          "builtIn": 1,
          "datasource": {
            "type": "grafana",
            "uid": "-- Grafana --"
          },
          "enable": true,
          "hide": true,
          "iconColor": "rgba(0, 211, 255, 1)",
          "name": "Annotations & Alerts",
          "target": {
            "limit": 100,
            "matchAny": false,
            "tags": [],
            "type": "dashboard"
          },
          "type": "dashboard"
        }
      ]
    },
    "description": "Global AVS Specification Metrics for each instance",
    "editable": true,
    "fiscalYearStartMonth": 0,
    "graphTooltip": 0,
    "id": 7,
    "links": [],
    "liveNow": false,
    "panels": [
      {
        "collapsed": false,
        "gridPos": {
          "h": 1,
          "w": 24,
          "x": 0,
          "y": 0
        },
        "id": 12,
        "panels": [],
        "title": "Misc",
        "type": "row"
      },
      {
        "datasource": {
          "type": "prometheus",
          "uid": "egn-prom"
        },
        "description": "The performance metric is a score between 0 and 100 and each developer can define their own way of calculating the score. The score is calculated based on the performance of the Node and the performance of the backing services.",
        "fieldConfig": {
          "defaults": {
            "color": {
              "mode": "thresholds"
            },
            "mappings": [],
            "max": 100,
            "min": 0,
            "thresholds": {
              "mode": "absolute",
              "steps": [
                {
                  "color": "red",
                  "value": null
                },
                {
                  "color": "orange",
                  "value": 30
                },
                {
                  "color": "yellow",
                  "value": 60
                },
                {
                  "color": "green",
                  "value": 90
                }
              ]
            }
          },
          "overrides": []
        },
        "gridPos": {
          "h": 9,
          "w": 24,
          "x": 0,
          "y": 1
        },
        "id": 8,
        "options": {
          "orientation": "auto",
          "reduceOptions": {
            "calcs": [
              "lastNotNull"
            ],
            "fields": "",
            "values": false
          },
          "showThresholdLabels": false,
          "showThresholdMarkers": true
        },
        "pluginVersion": "9.4.3",
        "targets": [
          {
            "datasource": {
              "type": "prometheus",
              "uid": "egn-prom"
            },
            "editorMode": "builder",
            "expr": "eigen_performance_score",
            "legendFormat": "{{instanceID}}",
            "range": true,
            "refId": "A"
          }
        ],
        "title": "Performance Score",
        "type": "gauge"
      },
      {
        "collapsed": false,
        "gridPos": {
          "h": 1,
          "w": 24,
          "x": 0,
          "y": 10
        },
        "id": 18,
        "panels": [],
        "title": "RPC Requests",
        "type": "row"
      },
      {
        "datasource": {
          "type": "prometheus",
          "uid": "egn-prom"
        },
        "description": "Average Response Time per method in seconds over time.",
        "fieldConfig": {
          "defaults": {
            "color": {
              "mode": "palette-classic"
            },
            "custom": {
              "axisCenteredZero": false,
              "axisColorMode": "text",
              "axisLabel": "",
              "axisPlacement": "auto",
              "barAlignment": 0,
              "drawStyle": "line",
              "fillOpacity": 0,
              "gradientMode": "none",
              "hideFrom": {
                "legend": false,
                "tooltip": false,
                "viz": false
              },
              "lineInterpolation": "linear",
              "lineWidth": 1,
              "pointSize": 5,
              "scaleDistribution": {
                "type": "linear"
              },
              "showPoints": "auto",
              "spanNulls": false,
              "stacking": {
                "group": "A",
                "mode": "none"
              },
              "thresholdsStyle": {
                "mode": "off"
              }
            },
            "mappings": [],
            "thresholds": {
              "mode": "absolute",
              "steps": [
                {
                  "color": "green",
                  "value": null
                },
                {
                  "color": "red",
                  "value": 80
                }
              ]
            }
          },
          "overrides": []
        },
        "gridPos": {
          "h": 8,
          "w": 12,
          "x": 0,
          "y": 11
        },
        "id": 26,
        "options": {
          "legend": {
            "calcs": [],
            "displayMode": "list",
            "placement": "bottom",
            "showLegend": true
          },
          "tooltip": {
            "mode": "single",
            "sort": "none"
          }
        },
        "targets": [
          {
            "datasource": {
              "type": "prometheus",
              "uid": "egn-prom"
            },
            "editorMode": "code",
            "expr": "rate(eigen_rpc_request_duration_seconds_sum{method=~\".*\"}[5m])",
            "legendFormat": "{{instanceID}} -> {{method}}",
            "range": true,
            "refId": "A"
          }
        ],
        "title": "Average Response Time",
        "type": "timeseries"
      },
      {
        "datasource": {
          "type": "prometheus",
          "uid": "egn-prom"
        },
        "description": "Total of JSON-RPC requests per method.",
        "fieldConfig": {
          "defaults": {
            "color": {
              "mode": "palette-classic"
            },
            "custom": {
              "axisCenteredZero": false,
              "axisColorMode": "text",
              "axisLabel": "",
              "axisPlacement": "auto",
              "barAlignment": 0,
              "drawStyle": "line",
              "fillOpacity": 0,
              "gradientMode": "none",
              "hideFrom": {
                "legend": false,
                "tooltip": false,
                "viz": false
              },
              "lineInterpolation": "linear",
              "lineWidth": 1,
              "pointSize": 5,
              "scaleDistribution": {
                "type": "linear"
              },
              "showPoints": "auto",
              "spanNulls": false,
              "stacking": {
                "group": "A",
                "mode": "none"
              },
              "thresholdsStyle": {
                "mode": "off"
              }
            },
            "mappings": [],
            "thresholds": {
              "mode": "absolute",
              "steps": [
                {
                  "color": "green",
                  "value": null
                }
              ]
            }
          },
          "overrides": []
        },
        "gridPos": {
          "h": 16,
          "w": 12,
          "x": 12,
          "y": 11
        },
        "id": 14,
        "options": {
          "legend": {
            "calcs": [],
            "displayMode": "list",
            "placement": "bottom",
            "showLegend": true
          },
          "tooltip": {
            "mode": "single",
            "sort": "none"
          }
        },
        "targets": [
          {
            "datasource": {
              "type": "prometheus",
              "uid": "egn-prom"
            },
            "editorMode": "builder",
            "expr": "eigen_rpc_request_total",
            "legendFormat": "${{token}} -> {{instanceID}}",
            "range": true,
            "refId": "A"
          }
        ],
        "title": "Total RPC Requests",
        "type": "timeseries"
      },
      {
        "datasource": {
          "type": "prometheus",
          "uid": "egn-prom"
        },
        "description": "Request duration distribution in seconds per method.",
        "fieldConfig": {
          "defaults": {
            "color": {
              "mode": "thresholds"
            },
            "custom": {
              "fillOpacity": 80,
              "gradientMode": "none",
              "hideFrom": {
                "legend": false,
                "tooltip": false,
                "viz": false
              },
              "lineWidth": 1
            },
            "mappings": [],
            "thresholds": {
              "mode": "absolute",
              "steps": [
                {
                  "color": "green",
                  "value": null
                },
                {
                  "color": "red",
                  "value": 80
                }
              ]
            },
            "unit": "none"
          },
          "overrides": []
        },
        "gridPos": {
          "h": 8,
          "w": 12,
          "x": 0,
          "y": 19
        },
        "id": 16,
        "options": {
          "bucketOffset": 0,
          "combine": false,
          "legend": {
            "calcs": [
              "mean",
              "stdDev"
            ],
            "displayMode": "list",
            "placement": "bottom",
            "showLegend": true
          }
        },
        "pluginVersion": "9.4.3",
        "targets": [
          {
            "datasource": {
              "type": "prometheus",
              "uid": "egn-prom"
            },
            "editorMode": "builder",
            "exemplar": false,
            "expr": "rate(eigen_rpc_request_duration_seconds_count[$__rate_interval])",
            "format": "time_series",
            "instant": false,
            "legendFormat": "{{instanceID}} -> {{method}}",
            "range": true,
            "refId": "A"
          }
        ],
        "title": "Request duration distribution",
        "type": "histogram"
      }
    ],
    "refresh": "",
    "revision": 1,
    "schemaVersion": 38,
    "style": "dark",
    "tags": [],
    "templating": {
      "list": []
    },
    "time": {
      "from": "now-15m",
      "to": "now"
    },
    "timepicker": {},
    "timezone": "",
    "title": "Global AVS Specification Metrics",
    "uid": "EGNMTP88z",
    "version": 1,
    "weekStart": ""
  }